apiId,station_name,open_date,avg_pre_open,avg_post_open,Zscore,poi_lng,poi_lat,poi_name,group,poi_zipcode,ev_zipcode,city
poi_00001,EVCS_00001,1/17/2019,23128,28278,5150,-1.0126,1.0148,1,grp_2,1,1,city_2
poi_00003,EVCS_00003,1/17/2019,3793,14402,10609,-1.0326,1.0348,3,grp_3,3,3,city_2
poi_00004,EVCS_00003,1/17/2019,3734,29674,25940,-1.0426,1.0448,4,grp_4,3,3,city_2
poi_00005,EVCS_00003,1/17/2019,107,25633,25526,-1.0526,1.0548,5,grp_11,3,3,city_2
poi_00006,EVCS_00003,1/17/2019,8886,27825,18939,-1.0626,1.0648,6,grp_4,3,3,city_2
poi_00007,EVCS_00003,1/17/2019,279,7898,7619,-1.0726,1.0748,7,grp_11,3,3,city_2
poi_00008,EVCS_00003,1/17/2019,1915,23964,22049,-1.0826,1.0848,8,grp_8,3,3,city_2
poi_00009,EVCS_00003,1/17/2019,9789,4696,-5093,-1.0926,1.0948,9,grp_4,3,3,city_2
poi_00010,EVCS_00003,1/17/2019,1838,16983,15145,-1.1026,1.1048,10,grp_4,3,3,city_2
poi_00011,EVCS_00003,1/17/2019,9995,8656,-1339,-1.1126,1.1148,11,grp_5,3,3,city_2
poi_00012,EVCS_00003,1/17/2019,5217,6773,1556,-1.1226,1.1248,12,grp_8,3,3,city_2
poi_00013,EVCS_00003,1/17/2019,70,27605,27535,-1.1326,1.1348,13,grp_4,3,3,city_2
poi_00014,EVCS_00003,1/17/2019,1143,20749,19606,-1.1426,1.1448,14,grp_4,3,3,city_2
poi_00015,EVCS_00003,1/17/2019,3223,28661,25438,-1.1526,1.1548,15,grp_5,3,3,city_2
poi_00016,EVCS_00003,1/17/2019,4470,24674,20204,-1.1626,1.1648,16,grp_8,3,3,city_2
poi_00017,EVCS_00003,1/17/2019,994,23050,22056,-1.1726,1.1748,17,grp_3,3,3,city_2
poi_00018,EVCS_00003,1/17/2019,3043,10585,7542,-1.1826,1.1848,18,grp_4,18,3,city_2
poi_00019,EVCS_00003,1/17/2019,5456,24670,19214,-1.1926,1.1948,19,grp_11,18,3,city_2
poi_00020,EVCS_00003,1/17/2019,2619,22790,20171,-1.2026,1.2048,20,grp_4,3,3,city_2
poi_00021,EVCS_00003,1/17/2019,4619,13850,9231,-1.2126,1.2148,21,grp_8,3,3,city_2
poi_00022,EVCS_00003,1/17/2019,7343,19092,11749,-1.2226,1.2248,22,grp_4,3,3,city_2
poi_00023,EVCS_00003,1/17/2019,2193,2577,384,-1.2326,1.2348,23,grp_4,3,3,city_2
poi_00024,EVCS_00003,1/17/2019,8275,11691,3416,-1.2426,1.2448,24,grp_5,3,3,city_2
poi_00025,EVCS_00003,1/17/2019,2254,27370,25116,-1.2526,1.2548,25,grp_4,3,3,city_2
poi_00026,EVCS_00003,1/17/2019,2094,10029,7935,-1.2626,1.2648,26,grp_4,3,3,city_2
poi_00027,EVCS_00003,1/17/2019,5180,18461,13281,-1.2726,1.2748,27,grp_4,3,3,city_2
poi_00028,EVCS_00003,1/17/2019,7574,5732,-1842,-1.2826,1.2848,28,grp_8,3,3,city_2
poi_00029,EVCS_00003,1/17/2019,6747,18667,11920,-1.2926,1.2948,29,grp_4,3,3,city_2
poi_00030,EVCS_00030,5/25/2019,4184,16537,12353,-1.3026,1.3048,30,grp_3,30,30,city_2
poi_00031,EVCS_00030,5/25/2019,1246,9373,8127,-1.3126,1.3148,31,grp_10,30,30,city_2
poi_00032,EVCS_00030,5/25/2019,7293,5984,-1309,-1.3226,1.3248,32,grp_3,32,30,city_2
poi_00033,EVCS_00030,5/25/2019,6739,27847,21108,-1.3326,1.3348,33,grp_3,30,30,city_2
poi_00034,EVCS_00030,5/25/2019,1196,19695,18499,-1.3426,1.3448,34,grp_10,34,30,city_2
poi_00035,EVCS_00030,5/25/2019,943,23207,22264,-1.3526,1.3548,35,grp_7,35,30,city_2
poi_00036,EVCS_00030,5/25/2019,158,29701,29543,-1.3626,1.3648,36,grp_3,36,30,city_2
poi_00037,EVCS_00030,5/25/2019,2961,1077,-1884,-1.3726,1.3748,37,grp_3,36,30,city_2
poi_00038,EVCS_00030,5/25/2019,9871,17363,7492,-1.3826,1.3848,38,grp_3,36,30,city_2
poi_00039,EVCS_00030,5/25/2019,7198,3952,-3246,-1.3926,1.3948,39,grp_8,39,30,city_2
poi_00040,EVCS_00030,5/25/2019,181,4760,4579,-1.4026,1.4048,40,grp_3,36,30,city_2
poi_00041,EVCS_00030,5/25/2019,1332,17294,15962,-1.4126,1.4148,41,grp_3,36,30,city_2
poi_00042,EVCS_00030,5/25/2019,8770,15818,7048,-1.4226,1.4248,42,grp_7,36,30,city_2
poi_00043,EVCS_00030,5/25/2019,37,24044,24007,-1.4326,1.4348,43,grp_7,36,30,city_2
poi_00044,EVCS_00030,5/25/2019,4776,24187,19411,-1.4426,1.4448,44,grp_3,44,30,city_2
poi_00045,EVCS_00030,5/25/2019,3877,4070,193,-1.4526,1.4548,45,grp_7,36,30,city_2
poi_00046,EVCS_00046,6/21/2019,6483,2461,-4022,-1.4626,1.4648,46,grp_7,30,46,city_2
poi_00047,EVCS_00046,6/21/2019,3558,6408,2850,-1.4726,1.4748,47,grp_3,30,46,city_2
poi_00048,EVCS_00046,6/21/2019,2804,23869,21065,-1.4826,1.4848,48,grp_4,30,46,city_2
poi_00049,EVCS_00046,6/21/2019,9142,21598,12456,-1.4926,1.4948,49,grp_11,30,46,city_2
poi_00050,EVCS_00046,6/21/2019,7280,7812,532,-1.5026,1.5048,50,grp_4,30,46,city_2
poi_00051,EVCS_00046,6/21/2019,6282,7591,1309,-1.5126,1.5148,51,grp_8,30,46,city_2
poi_00052,EVCS_00046,6/21/2019,4095,10359,6264,-1.5226,1.5248,52,grp_4,30,46,city_2
poi_00053,EVCS_00046,6/21/2019,5323,7542,2219,-1.5326,1.5348,53,grp_8,30,46,city_2
poi_00054,EVCS_00046,6/21/2019,4667,3559,-1108,-1.5426,1.5448,54,grp_8,30,46,city_2
poi_00055,EVCS_00046,6/21/2019,7434,151,-7283,-1.5526,1.5548,55,grp_8,30,46,city_2
poi_00056,EVCS_00046,6/21/2019,2834,28095,25261,-1.5626,1.5648,56,grp_4,30,46,city_2
poi_00057,EVCS_00046,6/21/2019,861,5897,5036,-1.5726,1.5748,57,grp_4,30,46,city_2
poi_00058,EVCS_00046,6/21/2019,6458,19450,12992,-1.5826,1.5848,58,grp_11,30,46,city_2
poi_00059,EVCS_00046,6/21/2019,3767,7345,3578,-1.5926,1.5948,59,grp_4,30,46,city_2
poi_00060,EVCS_00046,6/21/2019,3520,1398,-2122,-1.6026,1.6048,60,grp_4,30,46,city_2
poi_00061,EVCS_00046,6/21/2019,5595,2305,-3290,-1.5626,1.6148,61,grp_8,30,46,city_2
poi_00062,EVCS_00046,6/21/2019,4374,2585,-1789,-1.6226,1.6248,62,grp_2,30,46,city_2
poi_00063,EVCS_00046,6/21/2019,943,17421,16478,-1.6326,1.6348,63,grp_4,44,46,city_2
poi_00064,EVCS_00046,6/21/2019,6500,23895,17395,-1.6426,1.6448,64,grp_4,30,46,city_2
poi_00065,EVCS_00046,6/21/2019,4050,26983,22933,-1.6526,1.6548,65,grp_4,30,46,city_2
poi_00066,EVCS_00046,6/21/2019,292,24143,23851,-1.6626,1.6648,66,grp_2,30,46,city_2
poi_00067,EVCS_00067,6/19/2019,1742,19191,17449,-1.6726,1.6748,67,grp_10,35,67,city_2
poi_00068,EVCS_00067,6/19/2019,7560,18710,11150,-1.6826,1.6848,68,grp_11,35,67,city_2
poi_00069,EVCS_00067,6/19/2019,7562,21455,13893,-1.6926,1.6948,69,grp_9,35,67,city_2
poi_00070,EVCS_00067,6/19/2019,7857,11235,3378,-1.7026,1.7048,70,grp_8,35,67,city_2
poi_00071,EVCS_00067,6/19/2019,3451,25041,21590,-1.7126,1.7148,71,grp_10,71,67,city_2
poi_00072,EVCS_00067,6/19/2019,895,6795,5900,-1.7226,1.7248,72,grp_7,71,67,city_2
poi_00073,EVCS_00067,6/19/2019,6409,13574,7165,-1.7326,1.7348,73,grp_4,35,67,city_2
poi_00074,EVCS_00067,6/19/2019,4075,17268,13193,-1.7426,1.7448,74,grp_4,35,67,city_2
poi_00075,EVCS_00067,6/19/2019,8681,24249,15568,-1.7526,1.7548,75,grp_4,35,67,city_2
poi_00076,EVCS_00067,6/19/2019,9419,24945,15526,-1.7626,1.7648,76,grp_4,35,67,city_2
poi_00077,EVCS_00067,6/19/2019,4366,7187,2821,-1.7726,1.7748,77,grp_4,35,67,city_2
poi_00078,EVCS_00067,6/19/2019,4123,21269,17146,-1.7826,1.7848,78,grp_8,35,67,city_2
poi_00079,EVCS_00067,6/19/2019,1901,25798,23897,-1.7926,1.7948,79,grp_9,35,67,city_2
poi_00080,EVCS_00067,6/19/2019,6253,27607,21354,-1.8026,1.8048,80,grp_7,35,67,city_2
poi_00081,EVCS_00067,6/19/2019,7782,13674,5892,-1.8126,1.8148,81,grp_11,35,67,city_2
poi_00082,EVCS_00067,6/19/2019,1468,13901,12433,-1.8226,1.8248,82,grp_5,35,67,city_2
poi_00083,EVCS_00067,6/19/2019,65,21696,21631,-1.8326,1.8348,83,grp_8,35,67,city_2
poi_00084,EVCS_00067,6/19/2019,1835,25918,24083,-1.8426,1.8448,84,grp_4,35,67,city_2
poi_00085,EVCS_00067,6/19/2019,9754,6688,-3066,-1.8526,1.8548,85,grp_5,35,67,city_2
poi_00086,EVCS_00067,6/19/2019,6717,11994,5277,-1.8626,1.8648,86,grp_4,35,67,city_2
poi_00087,EVCS_00087,6/21/2019,4356,25564,21208,-1.8726,1.8748,87,grp_8,87,87,city_2
poi_00088,EVCS_00087,6/21/2019,7819,29802,21983,-1.8826,1.8848,88,grp_7,87,87,city_2
poi_00089,EVCS_00087,6/21/2019,7060,22347,15287,-1.8926,1.8948,89,grp_8,87,87,city_2
poi_00090,EVCS_00087,6/21/2019,1157,16005,14848,-1.9026,1.9048,90,grp_3,87,87,city_2
poi_00091,EVCS_00087,6/21/2019,3889,17027,13138,-1.9126,1.9148,91,grp_8,87,87,city_2
poi_00092,EVCS_00087,6/21/2019,1835,14496,12661,-1.9226,1.9248,92,grp_4,87,87,city_2
poi_00093,EVCS_00087,6/21/2019,881,22428,21547,-1.9326,1.9348,93,grp_8,87,87,city_2
poi_00094,EVCS_00087,6/21/2019,8433,2859,-5574,-1.9426,1.9448,94,grp_4,94,87,city_2
poi_00095,EVCS_00087,6/21/2019,5743,577,-5166,-1.9526,1.9548,95,grp_4,87,87,city_2
poi_00096,EVCS_00087,6/21/2019,9638,15476,5838,-1.9626,1.9648,96,grp_8,87,87,city_2
poi_00097,EVCS_00087,6/21/2019,8450,28313,19863,-1.9726,1.9748,97,grp_8,87,87,city_2
poi_00098,EVCS_00087,6/21/2019,7592,24710,17118,-1.9826,1.9848,98,grp_4,87,87,city_2
poi_00099,EVCS_00087,6/21/2019,9756,21450,11694,-1.9926,1.9948,99,grp_4,87,87,city_2
poi_00100,EVCS_00087,6/21/2019,324,1900,1576,-1.10026,1.10048,100,grp_4,87,87,city_2
poi_00101,EVCS_00087,6/21/2019,665,10300,9635,-1.10126,1.10148,101,grp_4,87,87,city_2
poi_00102,EVCS_00087,6/21/2019,6755,1677,-5078,-1.10226,1.10248,102,grp_4,87,87,city_2
poi_00103,EVCS_00087,6/21/2019,9507,15943,6436,-1.10326,1.10348,103,grp_11,87,87,city_2
poi_00104,EVCS_00087,6/21/2019,4769,23597,18828,-1.10426,1.10448,104,grp_8,87,87,city_2
poi_00105,EVCS_00105,6/21/2019,2643,26834,24191,-1.10526,1.10548,105,grp_8,105,105,city_2
poi_00106,EVCS_00105,6/21/2019,3383,29576,26193,-1.10626,1.10648,106,grp_8,105,105,city_2
poi_00107,EVCS_00105,6/21/2019,989,1456,467,-1.10726,1.10748,107,grp_3,105,105,city_2
poi_00108,EVCS_00105,6/21/2019,3212,2139,-1073,-1.10826,1.10848,108,grp_8,105,105,city_2
poi_00109,EVCS_00105,6/21/2019,1459,9714,8255,-1.10926,1.10948,109,grp_5,105,105,city_2
poi_00110,EVCS_00105,6/21/2019,8172,8063,-109,-1.11026,1.11048,110,grp_4,105,105,city_2
poi_00111,EVCS_00105,6/21/2019,4991,5583,592,-1.11126,1.11148,111,grp_8,105,105,city_2
poi_00112,EVCS_00105,6/21/2019,9256,16062,6806,-1.11226,1.11248,112,grp_8,105,105,city_2
poi_00113,EVCS_00105,6/21/2019,686,7734,7048,-1.11326,1.11348,113,grp_1,105,105,city_2
poi_00114,EVCS_00105,6/21/2019,6199,21582,15383,-1.11426,1.11448,114,grp_4,105,105,city_2
poi_00115,EVCS_00105,6/21/2019,8365,19730,11365,-1.11526,1.11548,115,grp_4,105,105,city_2
poi_00116,EVCS_00105,6/21/2019,5533,29251,23718,-1.11626,1.11648,116,grp_11,105,105,city_2
poi_00117,EVCS_00105,6/21/2019,1752,9434,7682,-1.11726,1.11748,117,grp_1,105,105,city_2
poi_00118,EVCS_00105,6/21/2019,8909,1935,-6974,-1.11826,1.11848,118,grp_1,105,105,city_2
poi_00119,EVCS_00105,6/21/2019,3361,16687,13326,-1.11526,1.11948,119,grp_4,105,105,city_2
poi_00120,EVCS_00105,6/21/2019,2742,10121,7379,-1.12026,1.12048,120,grp_6,105,105,city_2
poi_00121,EVCS_00105,6/21/2019,8593,18196,9603,-1.12126,1.12148,121,grp_6,105,105,city_2
poi_00122,EVCS_00105,6/21/2019,775,14606,13831,-1.12226,1.12248,122,grp_4,105,105,city_2
poi_00123,EVCS_00105,6/21/2019,277,19163,18886,-1.12326,1.12348,123,grp_8,105,105,city_2
poi_00124,EVCS_00105,6/21/2019,222,16543,16321,-1.12426,1.12448,124,grp_4,105,105,city_2
poi_00125,EVCS_00105,6/21/2019,769,2230,1461,-1.11326,1.12548,125,grp_4,105,105,city_2
poi_00126,EVCS_00126,8/15/2019,2022,10003,7981,-1.12626,1.12648,126,grp_8,126,126,city_2
poi_00127,EVCS_00126,8/15/2019,9212,17299,8087,-1.12726,1.12748,127,grp_4,127,126,city_2
poi_00128,EVCS_00128,8/28/2019,4329,24807,20478,-1.12826,1.12848,128,grp_5,128,128,city_2
poi_00129,EVCS_00128,8/28/2019,6814,24849,18035,-1.12926,1.12948,129,grp_9,128,128,city_2
poi_00130,EVCS_00128,8/28/2019,8756,3975,-4781,-1.13026,1.13048,130,grp_11,128,128,city_2
poi_00131,EVCS_00128,8/28/2019,8397,28450,20053,-1.13126,1.13148,131,grp_4,128,128,city_2
poi_00132,EVCS_00128,8/28/2019,3969,23731,19762,-1.13226,1.13248,132,grp_3,128,128,city_2
poi_00133,EVCS_00128,8/28/2019,9620,8460,-1160,-1.13326,1.13348,133,grp_11,128,128,city_2
poi_00134,EVCS_00128,8/28/2019,6124,21995,15871,-1.13426,1.13448,134,grp_2,128,128,city_2
poi_00135,EVCS_00128,8/28/2019,2416,1261,-1155,-1.13526,1.13548,135,grp_11,128,128,city_2
poi_00136,EVCS_00128,8/28/2019,6657,12040,5383,-1.13626,1.13648,136,grp_5,128,128,city_2
poi_00137,EVCS_00128,8/28/2019,5925,20206,14281,-1.13726,1.13748,137,grp_4,128,128,city_2
poi_00138,EVCS_00128,8/28/2019,108,2592,2484,-1.13826,1.13848,138,grp_2,128,128,city_2
poi_00139,EVCS_00128,8/28/2019,6259,7186,927,-1.13926,1.13948,139,grp_1,139,128,city_2
poi_00140,EVCS_00128,8/28/2019,3887,15569,11682,-1.14026,1.14048,140,grp_4,139,128,city_2
poi_00141,EVCS_00128,8/28/2019,5385,27919,22534,-1.14126,1.14148,141,grp_5,128,128,city_2
poi_00142,EVCS_00128,8/28/2019,9863,10785,922,-1.14226,1.14248,142,grp_2,128,128,city_2
poi_00143,EVCS_00143,8/28/2019,3786,21531,17745,-1.14326,1.14348,143,grp_5,139,128,city_2
poi_00144,EVCS_00143,8/28/2019,4407,27397,22990,-1.14426,1.14448,144,grp_4,139,128,city_2
poi_00145,EVCS_00143,8/28/2019,1885,2351,466,-1.14526,1.14548,145,grp_10,139,128,city_2
poi_00146,EVCS_00143,8/28/2019,6710,2637,-4073,-1.14626,1.14648,146,grp_1,139,128,city_2
poi_00147,EVCS_00143,8/28/2019,1711,12569,10858,-1.14726,1.14748,147,grp_5,139,128,city_2
poi_00148,EVCS_00143,8/28/2019,6684,12316,5632,-1.14826,1.14848,148,grp_9,139,128,city_2
poi_00149,EVCS_00143,8/28/2019,2674,18896,16222,-1.14926,1.14948,149,grp_4,139,128,city_2
poi_00150,EVCS_00143,8/28/2019,7333,24311,16978,-1.15026,1.15048,150,grp_11,139,128,city_2
poi_00151,EVCS_00143,8/28/2019,3864,17229,13365,-1.15126,1.15148,151,grp_5,139,128,city_2
poi_00152,EVCS_00143,8/28/2019,9733,13438,3705,-1.15226,1.15248,152,grp_4,139,128,city_2
poi_00153,EVCS_00143,8/28/2019,5301,16247,10946,-1.15326,1.15348,153,grp_4,139,128,city_2
poi_00154,EVCS_00143,8/28/2019,5638,29822,24184,-1.15026,1.15448,154,grp_3,139,128,city_2
poi_00155,EVCS_00143,8/28/2019,4390,25671,21281,-1.15526,1.15548,155,grp_4,155,128,city_2
poi_00156,EVCS_00143,8/28/2019,3007,28250,25243,-1.15626,1.15648,156,grp_9,139,128,city_2
poi_00157,EVCS_00143,8/28/2019,8306,2878,-5428,-1.15726,1.15748,157,grp_6,139,128,city_2
poi_00158,EVCS_00143,8/28/2019,8882,16954,8072,-1.15826,1.15848,158,grp_11,139,128,city_2
poi_00159,EVCS_00143,8/28/2019,3409,20363,16954,-1.15926,1.15948,159,grp_6,139,128,city_2
poi_00160,EVCS_00143,8/28/2019,2956,25139,22183,-1.16026,1.16048,160,grp_5,139,128,city_2
poi_00161,EVCS_00143,8/28/2019,1007,407,-600,-1.16126,1.16148,161,grp_9,155,128,city_2
poi_00162,EVCS_00143,8/28/2019,9357,18838,9481,-1.16226,1.16248,162,grp_4,155,128,city_2
poi_00163,EVCS_00143,8/28/2019,1513,16575,15062,-1.16326,1.16348,163,grp_8,139,128,city_2
poi_00164,EVCS_00143,8/28/2019,511,17332,16821,-1.16426,1.16448,164,grp_5,139,128,city_2
poi_00165,EVCS_00143,8/28/2019,8390,16390,8000,-1.16526,1.16548,165,grp_2,139,128,city_2
poi_00166,EVCS_00143,8/28/2019,3699,19653,15954,-1.16626,1.16648,166,grp_9,139,128,city_2
poi_00167,EVCS_00143,8/28/2019,9746,5845,-3901,-1.16726,1.16748,167,grp_9,139,128,city_2
poi_00168,EVCS_00143,8/28/2019,8372,13714,5342,-1.16826,1.16848,168,grp_6,139,128,city_2
poi_00169,EVCS_00143,8/28/2019,7982,17084,9102,-1.16926,1.16948,169,grp_9,155,128,city_2
poi_00170,EVCS_00143,8/28/2019,5812,23374,17562,-1.17026,1.17048,170,grp_3,139,128,city_2
poi_00171,EVCS_00171,8/28/2019,8040,15309,7269,-1.17126,1.17148,171,grp_11,139,128,city_2
poi_00172,EVCS_00171,8/28/2019,8636,27298,18662,-1.17226,1.17248,172,grp_9,139,128,city_2
poi_00146,EVCS_00171,8/28/2019,3851,27131,23280,-1.14626,1.14648,146,grp_1,139,128,city_2
poi_00174,EVCS_00171,8/28/2019,7519,23418,15899,-1.17426,1.17448,174,grp_5,139,128,city_2
poi_00175,EVCS_00171,8/28/2019,2552,8155,5603,-1.17526,1.17548,175,grp_11,139,128,city_2
poi_00176,EVCS_00171,8/28/2019,179,2162,1983,-1.17626,1.17648,176,grp_9,139,128,city_2
poi_00177,EVCS_00171,8/28/2019,550,13391,12841,-1.17726,1.17748,177,grp_1,139,128,city_2
poi_00168,EVCS_00171,8/28/2019,956,9572,8616,-1.16826,1.16848,168,grp_6,139,128,city_2
poi_00179,EVCS_00179,3/31/2019,1695,446,-1249,-1.17926,1.17948,179,grp_9,87,87,city_2
poi_00180,EVCS_00179,3/31/2019,83,10595,10512,-1.18026,1.18048,180,grp_9,87,87,city_2
poi_00181,EVCS_00179,3/31/2019,7867,2744,-5123,-1.18126,1.18148,181,grp_4,87,87,city_2
poi_00182,EVCS_00179,3/31/2019,5071,22128,17057,-1.18226,1.18248,182,grp_3,87,87,city_2
poi_00183,EVCS_00179,3/31/2019,4132,23721,19589,-1.18326,1.12348,183,grp_3,87,87,city_2
poi_00184,EVCS_00179,3/31/2019,3372,3786,414,-1.18426,1.18448,184,grp_8,87,87,city_2
poi_00185,EVCS_00179,3/31/2019,5208,16909,11701,-1.18526,1.18548,185,grp_8,185,87,city_2
poi_00186,EVCS_00179,3/31/2019,2200,4827,2627,-1.18626,1.18648,186,grp_7,87,87,city_2
poi_00187,EVCS_00179,3/31/2019,256,6322,6066,-1.18726,1.18748,187,grp_9,87,87,city_2
poi_00188,EVCS_00179,3/31/2019,7698,9299,1601,-1.18826,1.18848,188,grp_4,87,87,city_2
poi_00189,EVCS_00179,3/31/2019,8267,9659,1392,-1.18926,1.18948,189,grp_4,87,87,city_2
poi_00190,EVCS_00179,3/31/2019,4548,14113,9565,-1.19026,1.19048,190,grp_8,87,87,city_2
poi_00191,EVCS_00179,3/31/2019,4352,242,-4110,-1.19126,1.19148,191,grp_8,185,87,city_2
poi_00192,EVCS_00179,3/31/2019,8887,15260,6373,-1.19226,1.19248,192,grp_4,87,87,city_2
poi_00193,EVCS_00179,3/31/2019,9,1489,1480,-1.19326,1.19348,193,grp_4,185,87,city_2
poi_00194,EVCS_00179,3/31/2019,9491,28360,18869,-1.19426,1.19448,194,grp_8,87,87,city_2
poi_00195,EVCS_00179,3/31/2019,9822,17489,7667,-1.19526,1.19548,195,grp_8,185,87,city_2
poi_00196,EVCS_00179,3/31/2019,6906,16936,10030,-1.19626,1.19648,196,grp_4,87,87,city_2
poi_00197,EVCS_00179,3/31/2019,8323,696,-7627,-1.19726,1.19748,197,grp_8,87,87,city_2
poi_00198,EVCS_00179,3/31/2019,2776,24317,21541,-1.19826,1.19848,198,grp_11,87,87,city_2
poi_00199,EVCS_00179,3/31/2019,1675,5823,4148,-1.19926,1.19948,199,grp_11,185,87,city_2
poi_00200,EVCS_00179,3/31/2019,3560,18464,14904,-1.20026,1.20048,200,grp_2,87,87,city_2
poi_00201,EVCS_00179,3/31/2019,2938,16719,13781,-1.20126,1.20148,201,grp_4,87,87,city_2
poi_00202,EVCS_00202,3/31/2019,3214,4718,1504,-1.20226,1.20248,202,grp_11,202,202,city_2
poi_00203,EVCS_00202,3/31/2019,4216,22197,17981,-1.20326,1.20348,203,grp_3,202,202,city_2
poi_00204,EVCS_00202,3/31/2019,6634,11085,4451,-1.20426,1.20448,204,grp_4,204,202,city_2
poi_00205,EVCS_00202,3/31/2019,1762,4720,2958,-1.20526,1.20548,205,grp_4,202,202,city_2
poi_00206,EVCS_00202,3/31/2019,9313,29322,20009,-1.20626,1.20648,206,grp_4,204,202,city_2
poi_00207,EVCS_00202,3/31/2019,3688,3370,-318,-1.20726,1.20748,207,grp_8,204,202,city_2
poi_00208,EVCS_00202,3/31/2019,7393,25612,18219,-1.20826,1.20848,208,grp_11,204,202,city_2
poi_00209,EVCS_00202,3/31/2019,555,7709,7154,-1.20926,1.20948,209,grp_4,202,202,city_2
poi_00210,EVCS_00202,3/31/2019,6739,14292,7553,-1.21026,1.21048,210,grp_2,204,202,city_2
poi_00211,EVCS_00202,3/31/2019,4398,26788,22390,-1.21126,1.21148,211,grp_4,204,202,city_2
poi_00212,EVCS_00212,3/31/2019,5945,5604,-341,-1.21226,1.21248,212,grp_10,212,212,city_2
poi_00213,EVCS_00212,3/31/2019,4690,10307,5617,-1.21326,1.21348,213,grp_8,212,212,city_2
poi_00214,EVCS_00212,3/31/2019,8321,5919,-2402,-1.21426,1.21448,214,grp_7,214,212,city_2
poi_00215,EVCS_00212,3/31/2019,483,25431,24948,-1.21526,1.21548,215,grp_3,214,212,city_2
poi_00216,EVCS_00212,3/31/2019,5451,29435,23984,-1.21626,1.21648,216,grp_7,214,212,city_2
poi_00217,EVCS_00212,3/31/2019,5623,10729,5106,-1.21726,1.21748,217,grp_11,217,212,city_2
poi_00218,EVCS_00212,3/31/2019,2729,2289,-440,-1.21826,1.21848,218,grp_8,217,212,city_2
poi_00219,EVCS_00212,3/31/2019,9969,8800,-1169,-1.21926,1.21948,219,grp_8,217,212,city_2
poi_00220,EVCS_00212,3/31/2019,672,28240,27568,-1.22026,1.22048,220,grp_4,217,212,city_2
poi_00221,EVCS_00221,3/31/2019,5148,2354,-2794,-1.22126,1.22148,221,grp_9,221,221,city_2
poi_00222,EVCS_00221,3/31/2019,5381,21018,15637,-1.22226,1.22248,222,grp_5,222,221,city_2
poi_00223,EVCS_00221,3/31/2019,8100,2303,-5797,-1.22326,1.22348,223,grp_4,221,221,city_2
poi_00224,EVCS_00221,3/31/2019,5465,28156,22691,-1.22426,1.2748,224,grp_4,3,221,city_2
poi_00225,EVCS_00221,3/31/2019,6297,25764,19467,-1.22526,1.22548,225,grp_4,221,221,city_2
poi_00226,EVCS_00221,3/31/2019,9851,29787,19936,-1.22626,1.22648,226,grp_10,221,221,city_2
poi_00227,EVCS_00221,3/31/2019,1572,18120,16548,-1.22726,1.22748,227,grp_8,3,221,city_2
poi_00228,EVCS_00221,3/31/2019,9724,27820,18096,-1.12626,1.22848,228,grp_4,3,221,city_2
poi_00229,EVCS_00221,3/31/2019,2967,26464,23497,-1.22926,1.22948,229,grp_4,221,221,city_2
poi_00230,EVCS_00221,3/31/2019,4080,15487,11407,-1.23026,1.23048,230,grp_8,221,221,city_2
poi_00231,EVCS_00221,3/31/2019,8817,28467,19650,-1.23126,1.23148,231,grp_4,221,221,city_2
poi_00232,EVCS_00221,3/31/2019,2951,24441,21490,-1.23226,1.23248,232,grp_4,221,221,city_2
poi_00233,EVCS_00221,3/31/2019,7776,19149,11373,-1.23326,1.23348,233,grp_2,222,221,city_2
poi_00234,EVCS_00221,3/31/2019,494,10520,10026,-1.23426,1.23448,234,grp_4,221,221,city_2
poi_00235,EVCS_00221,3/31/2019,513,18993,18480,-1.23526,1.23548,235,grp_4,222,221,city_2
poi_00236,EVCS_00221,3/31/2019,8739,7026,-1713,-1.23626,1.23648,236,grp_8,222,221,city_2
poi_00237,EVCS_00221,3/31/2019,1311,18000,16689,-1.23726,1.23748,237,grp_9,221,221,city_2
poi_00238,EVCS_00221,3/31/2019,7726,29157,21431,-1.23826,1.23848,238,grp_4,221,221,city_2
poi_00239,EVCS_00221,3/31/2019,7332,10457,3125,-1.23926,1.23948,239,grp_2,222,221,city_2
poi_00240,EVCS_00221,3/31/2019,9930,26435,16505,-1.24026,1.24048,240,grp_9,221,221,city_2
poi_00241,EVCS_00221,3/31/2019,8737,22327,13590,-1.24126,1.24148,241,grp_4,221,221,city_2
poi_00242,EVCS_00221,3/31/2019,4650,9983,5333,-1.24226,1.24248,242,grp_4,221,221,city_2
poi_00243,EVCS_00221,3/31/2019,4346,4837,491,-1.24326,1.24348,243,grp_11,3,221,city_2
poi_00244,EVCS_00221,3/31/2019,7129,22680,15551,-1.24426,1.24448,244,grp_11,221,221,city_2
poi_00245,EVCS_00221,3/31/2019,9872,16215,6343,-1.24526,1.24548,245,grp_4,3,221,city_2
poi_00246,EVCS_00246,8/28/2019,885,21585,20700,-1.24626,1.24648,246,grp_8,246,246,city_2
poi_00247,EVCS_00246,8/28/2019,4271,14829,10558,-1.24726,1.24748,247,grp_4,247,246,city_2
poi_00248,EVCS_00246,8/28/2019,8731,18036,9305,-1.24826,1.24848,248,grp_4,248,246,city_2
poi_00249,EVCS_00246,8/28/2019,9368,24418,15050,-1.24926,1.24948,249,grp_2,247,246,city_2
poi_00250,EVCS_00246,8/28/2019,550,25085,24535,-1.24726,1.25048,250,grp_5,247,246,city_2
poi_00251,EVCS_00246,8/28/2019,7341,7144,-197,-1.25126,1.25148,251,grp_2,247,246,city_2
poi_00252,EVCS_00246,8/28/2019,4032,29943,25911,-1.25226,1.25248,252,grp_2,247,246,city_2
poi_00253,EVCS_00246,8/28/2019,3643,17136,13493,-1.25326,1.25348,253,grp_8,247,246,city_2
poi_00254,EVCS_00246,8/28/2019,4460,111,-4349,-1.24726,1.25448,254,grp_2,247,246,city_2
poi_00291,EVCS_00291,6/19/2019,2505,17393,14888,-1.29126,1.29148,291,grp_11,36,30,city_2
poi_00292,EVCS_00291,6/19/2019,918,24230,23312,-1.29226,1.29248,292,grp_7,292,30,city_2
poi_00293,EVCS_00291,6/19/2019,1383,5839,4456,-1.29326,1.29348,293,grp_7,36,30,city_2
poi_00294,EVCS_00291,6/19/2019,3100,14668,11568,-1.29426,1.29448,294,grp_10,36,30,city_2
poi_00295,EVCS_00291,6/19/2019,3911,28952,25041,-1.29526,1.29548,295,grp_7,292,30,city_2
poi_00296,EVCS_00291,6/19/2019,4197,23250,19053,-1.29626,1.29648,296,grp_8,36,30,city_2
poi_00297,EVCS_00291,6/19/2019,9436,15699,6263,-1.29726,1.29748,297,grp_7,292,30,city_2
poi_00298,EVCS_00291,6/19/2019,225,16207,15982,-1.29826,1.29848,298,grp_7,292,30,city_2
poi_00299,EVCS_00291,6/19/2019,5209,10467,5258,-1.29926,1.29948,299,grp_4,36,30,city_2
poi_00300,EVCS_00291,6/19/2019,2359,25838,23479,-1.10026,1.30048,300,grp_7,292,30,city_2
poi_00301,EVCS_00291,6/19/2019,6823,5353,-1470,-1.30126,1.30148,301,grp_4,36,30,city_2
poi_00302,EVCS_00291,6/19/2019,978,22613,21635,-1.30226,1.30248,302,grp_4,36,30,city_2
poi_00303,EVCS_00291,6/19/2019,8624,6714,-1910,-1.30326,1.30348,303,grp_4,36,30,city_2
poi_00304,EVCS_00291,6/19/2019,1415,26013,24598,-1.29726,1.30448,304,grp_7,292,30,city_2
poi_00305,EVCS_00291,6/19/2019,918,23868,22950,-1.30526,1.30548,305,grp_8,36,30,city_2
poi_00306,EVCS_00291,6/19/2019,6958,3715,-3243,-1.30626,1.30648,306,grp_11,36,30,city_2
poi_00307,EVCS_00291,6/19/2019,2818,9447,6629,-1.30726,1.30748,307,grp_4,36,30,city_2
poi_00308,EVCS_00291,6/19/2019,5738,19528,13790,-1.30826,1.30848,308,grp_4,292,30,city_2
poi_00309,EVCS_00291,6/19/2019,5574,8114,2540,-1.30926,1.30948,309,grp_4,36,30,city_2
poi_00310,EVCS_00291,6/19/2019,2915,17254,14339,-1.31026,1.31048,310,grp_3,36,30,city_2
poi_00311,EVCS_00291,6/19/2019,8684,9994,1310,-1.31126,1.31148,311,grp_4,292,30,city_2
poi_00312,EVCS_00291,6/19/2019,2613,2469,-144,-1.31226,1.31248,312,grp_8,36,30,city_2
poi_00313,EVCS_00291,6/19/2019,2354,20654,18300,-1.31326,1.31348,313,grp_4,36,30,city_2
poi_00314,EVCS_00291,6/19/2019,2224,21210,18986,-1.31426,1.31448,314,grp_4,36,30,city_2
poi_00315,EVCS_00291,6/19/2019,5526,9016,3490,-1.31526,1.31548,315,grp_4,36,30,city_2
poi_00316,EVCS_00291,6/19/2019,474,27635,27161,-1.31626,1.31648,316,grp_8,36,30,city_2
poi_00317,EVCS_00291,6/19/2019,6653,28546,21893,-1.31726,1.31748,317,grp_4,36,30,city_2
poi_00318,EVCS_00291,6/19/2019,3780,27530,23750,-1.31826,1.31848,318,grp_4,36,30,city_2
poi_00319,EVCS_00291,6/19/2019,3001,29844,26843,-1.31926,1.31948,319,grp_7,36,30,city_2
poi_00320,EVCS_00291,6/19/2019,3722,2839,-883,-1.32026,1.32048,320,grp_8,36,30,city_2
poi_00321,EVCS_00321,8/27/2019,1932,29315,27383,-1.32126,1.32148,321,grp_11,212,321,city_2
poi_00344,EVCS_00344,6/26/2019,3330,23559,20229,-1.34426,1.34448,344,grp_9,275,344,city_2
poi_00345,EVCS_00344,6/26/2019,4669,18794,14125,-1.34526,1.34548,345,grp_9,275,344,city_2
poi_00346,EVCS_00344,6/26/2019,3350,1865,-1485,-1.34626,1.34648,346,grp_4,275,344,city_2
poi_00347,EVCS_00344,6/26/2019,4068,4165,97,-1.34726,1.34748,347,grp_11,275,344,city_2
poi_00348,EVCS_00344,6/26/2019,8131,5195,-2936,-1.34826,1.34848,348,grp_4,275,344,city_2
poi_00349,EVCS_00344,6/26/2019,838,8898,8060,-1.34926,1.34948,349,grp_8,18,344,city_2
poi_00350,EVCS_00344,6/26/2019,4664,4185,-479,-1.35026,1.35048,350,grp_4,275,344,city_2
poi_00351,EVCS_00344,6/26/2019,4913,22180,17267,-1.35126,1.35148,351,grp_4,275,344,city_2
poi_00352,EVCS_00344,6/26/2019,4414,27125,22711,-1.35226,1.35248,352,grp_4,18,344,city_2
poi_00353,EVCS_00344,6/26/2019,7944,8185,241,-1.35326,1.35348,353,grp_4,18,344,city_2
poi_00354,EVCS_00344,6/26/2019,9485,21565,12080,-1.35426,1.35448,354,grp_11,275,344,city_2
poi_00355,EVCS_00344,6/26/2019,8404,22630,14226,-1.35526,1.35548,355,grp_4,18,344,city_2
poi_00356,EVCS_00344,6/26/2019,723,26866,26143,-1.35626,1.35648,356,grp_4,275,344,city_2
poi_00357,EVCS_00344,6/26/2019,1404,12360,10956,-1.35726,1.35748,357,grp_1,18,344,city_2
poi_00358,EVCS_00344,6/26/2019,8020,9694,1674,-1.35826,1.35848,358,grp_4,18,344,city_2
poi_00359,EVCS_00344,6/26/2019,9605,21646,12041,-1.1126,1.35948,359,grp_11,18,344,city_2
poi_00360,EVCS_00344,6/26/2019,7067,28448,21381,-1.36026,1.36048,360,grp_4,18,344,city_2
poi_00361,EVCS_00344,6/26/2019,4451,25494,21043,-1.36126,1.36148,361,grp_4,18,344,city_2
poi_00362,EVCS_00344,6/26/2019,1323,9646,8323,-1.36226,1.36248,362,grp_2,18,344,city_2
poi_00363,EVCS_00344,6/26/2019,2103,25596,23493,-1.36326,1.36348,363,grp_8,18,344,city_2
poi_00364,EVCS_00344,6/26/2019,6924,5180,-1744,-1.36426,1.36448,364,grp_11,275,344,city_2
poi_00365,EVCS_00344,6/26/2019,6618,18601,11983,-1.36526,1.36548,365,grp_4,18,344,city_2
poi_00390,EVCS_00390,10/18/2019,983,27971,26988,-1.39026,1.39048,390,grp_4,127,390,city_2
poi_00391,EVCS_00390,10/18/2019,3887,9512,5625,-1.39126,1.39148,391,grp_11,275,390,city_2
poi_00392,EVCS_00390,10/18/2019,9081,21036,11955,-1.39226,1.39248,392,grp_11,127,390,city_2
poi_00393,EVCS_00390,10/18/2019,1183,5976,4793,-1.39326,1.39348,393,grp_1,127,390,city_2
poi_00394,EVCS_00390,10/18/2019,2271,26239,23968,-1.39426,1.39448,394,grp_11,127,390,city_2
poi_00395,EVCS_00390,10/18/2019,1601,28002,26401,-1.39526,1.39548,395,grp_5,127,390,city_2
poi_00396,EVCS_00390,10/18/2019,528,18704,18176,-1.39626,1.39648,396,grp_11,275,390,city_2
poi_00397,EVCS_00390,10/18/2019,3627,18750,15123,-1.39726,1.39748,397,grp_6,127,390,city_2
poi_00398,EVCS_00390,10/18/2019,5838,21169,15331,-1.39826,1.39848,398,grp_1,127,390,city_2
poi_00399,EVCS_00390,10/18/2019,3234,11611,8377,-1.39926,1.39948,399,grp_8,127,390,city_2
poi_00400,EVCS_00390,10/18/2019,4918,2510,-2408,-1.40026,1.40048,400,grp_11,127,390,city_2
poi_00401,EVCS_00390,10/18/2019,7001,19380,12379,-1.40126,1.40148,401,grp_6,127,390,city_2
poi_00402,EVCS_00390,10/18/2019,1172,24529,23357,-1.40226,1.40248,402,grp_9,127,390,city_2
poi_00403,EVCS_00390,10/18/2019,933,29767,28834,-1.40326,1.40348,403,grp_1,127,390,city_2
poi_00578,EVCS_00578,8/28/2019,3903,13471,9568,-1.57826,1.57848,578,grp_10,202,281,city_2
poi_00282,EVCS_00578,8/28/2019,3457,2619,-838,-1.28226,1.28248,282,grp_9,202,281,city_2
poi_00580,EVCS_00578,8/28/2019,2607,2030,-577,-1.58026,1.58048,580,grp_11,202,281,city_2
poi_00581,EVCS_00578,8/28/2019,8253,6181,-2072,-1.58126,1.58148,581,grp_10,202,281,city_2
poi_00284,EVCS_00578,8/28/2019,4243,25635,21392,-1.28426,1.28448,284,grp_4,202,281,city_2
poi_00583,EVCS_00578,8/28/2019,893,13195,12302,-1.58326,1.58348,583,grp_5,202,281,city_2
poi_00285,EVCS_00578,8/28/2019,1686,8930,7244,-1.28526,1.28548,285,grp_6,202,281,city_2
poi_00286,EVCS_00578,8/28/2019,5231,15412,10181,-1.28626,1.28648,286,grp_11,202,281,city_2
poi_00287,EVCS_00578,8/28/2019,7795,23356,15561,-1.28726,1.28748,287,grp_8,202,281,city_2
poi_00289,EVCS_00578,8/28/2019,4096,20924,16828,-1.28926,1.28948,289,grp_4,202,281,city_2
poi_00588,EVCS_00578,8/28/2019,3771,23557,19786,-1.58826,1.28848,588,grp_11,202,281,city_2
poi_00290,EVCS_00578,8/28/2019,4886,2374,-2512,-1.29026,1.29048,290,grp_4,202,281,city_2
poi_00590,EVCS_00578,8/28/2019,4252,16368,12116,-1.59026,1.59048,590,grp_2,202,281,city_2
poi_00592,EVCS_00592,3/1/2019,4359,12471,8112,-1.59226,1.59248,592,grp_8,592,592,city_1
poi_00593,EVCS_00592,3/1/2019,8309,17164,8855,-1.59326,1.59348,593,grp_8,593,592,city_1
poi_00594,EVCS_00594,1/18/2019,8120,580,-7540,-1.59426,1.59448,594,grp_9,594,594,city_1
poi_00595,EVCS_00594,1/18/2019,2908,18981,16073,-1.59526,1.59548,595,grp_10,594,594,city_1
poi_00596,EVCS_00594,1/18/2019,2229,845,-1384,-1.59626,1.59648,596,grp_8,594,594,city_1
poi_00597,EVCS_00594,1/18/2019,6970,10317,3347,-1.59726,1.59748,597,grp_8,597,594,city_1
poi_00598,EVCS_00594,1/18/2019,9897,26852,16955,-1.59826,1.59848,598,grp_4,594,594,city_1
poi_00599,EVCS_00594,1/18/2019,3645,23559,19914,-1.59926,1.59948,599,grp_8,594,594,city_1
poi_00600,EVCS_00594,1/18/2019,5569,25773,20204,-1.60026,1.60048,600,grp_8,594,594,city_1
poi_00601,EVCS_00594,1/18/2019,1775,2139,364,-1.60126,1.60148,601,grp_1,594,594,city_1
poi_00602,EVCS_00594,1/18/2019,6723,1360,-5363,-1.60226,1.60248,602,grp_1,594,594,city_1
poi_00603,EVCS_00594,1/18/2019,5132,27224,22092,-1.60326,1.60348,603,grp_4,594,594,city_1
poi_00604,EVCS_00594,1/18/2019,8105,2809,-5296,-1.23526,1.60448,604,grp_1,594,594,city_1
poi_00605,EVCS_00594,1/18/2019,9297,11236,1939,-1.60526,1.60548,605,grp_2,594,594,city_1
poi_00606,EVCS_00594,1/18/2019,1645,20940,19295,-1.60626,1.60648,606,grp_11,594,594,city_1
poi_00607,EVCS_00594,1/18/2019,111,20660,20549,-1.60726,1.60748,607,grp_4,594,594,city_1
poi_00608,EVCS_00594,1/18/2019,4820,4860,40,-1.60826,1.60848,608,grp_5,597,594,city_1
poi_00609,EVCS_00594,1/18/2019,7358,4411,-2947,-1.60926,1.60948,609,grp_5,594,594,city_1
poi_00610,EVCS_00594,1/18/2019,1735,27814,26079,-1.38926,1.61048,610,grp_1,594,594,city_1
poi_00611,EVCS_00001,1/17/2019,2022,28115,26093,-1.61126,1.61148,611,grp_11,597,1,city_1
poi_00612,EVCS_00001,1/17/2019,7920,26969,19049,-1.61226,1.61248,612,grp_8,597,1,city_1
poi_00613,EVCS_00001,1/17/2019,6255,29509,23254,-1.61326,1.61348,613,grp_4,594,1,city_1
poi_00614,EVCS_00001,1/17/2019,7426,14172,6746,-1.61426,1.61448,614,grp_4,594,1,city_1
poi_00615,EVCS_00001,1/17/2019,462,11774,11312,-1.61526,1.61548,615,grp_1,594,1,city_1
poi_00616,EVCS_00001,1/17/2019,3264,5169,1905,-1.61626,1.61648,616,grp_4,594,1,city_1
poi_00617,EVCS_00001,1/17/2019,8628,20796,12168,-1.61726,1.22048,617,grp_4,594,1,city_1
poi_00618,EVCS_00001,1/17/2019,26,8903,8877,-1.61826,1.61848,618,grp_8,594,1,city_1
poi_00619,EVCS_00001,1/17/2019,7484,4117,-3367,-1.61926,1.61948,619,grp_8,594,1,city_1
poi_00620,EVCS_00001,1/17/2019,699,27681,26982,-1.62026,1.62048,620,grp_6,594,1,city_1
poi_00621,EVCS_00001,1/17/2019,4774,4826,52,-1.62126,1.62148,621,grp_8,594,1,city_1
poi_00622,EVCS_00001,1/17/2019,5628,27621,21993,-1.62226,1.62248,622,grp_4,594,1,city_1
poi_00623,EVCS_00623,2/12/2019,7145,28741,21596,-1.62326,1.62348,623,grp_5,623,623,city_1
poi_00624,EVCS_00623,2/12/2019,5307,19806,14499,-1.18826,1.62448,624,grp_10,623,623,city_1
poi_00625,EVCS_00623,2/12/2019,751,26645,25894,-1.62526,1.62548,625,grp_11,623,623,city_1
poi_00626,EVCS_00623,2/12/2019,1639,19745,18106,-1.62626,1.62648,626,grp_11,623,623,city_1
poi_00627,EVCS_00623,2/12/2019,633,24300,23667,-1.17926,1.62748,627,grp_4,623,623,city_1
poi_00628,EVCS_00623,2/12/2019,2590,10098,7508,-1.62826,1.62848,628,grp_4,623,623,city_1
poi_00629,EVCS_00623,2/12/2019,3318,13741,10423,-1.62926,1.62948,629,grp_4,623,623,city_1
poi_00630,EVCS_00623,2/12/2019,7498,4481,-3017,-1.63026,1.63048,630,grp_11,623,623,city_1
poi_00631,EVCS_00623,2/12/2019,4733,20167,15434,-1.63126,1.63148,631,grp_11,623,623,city_1
poi_00632,EVCS_00623,2/12/2019,170,2080,1910,-1.63226,1.63248,632,grp_4,623,623,city_1
poi_00633,EVCS_00623,2/12/2019,7575,15123,7548,-1.63326,1.63348,633,grp_4,623,623,city_1
poi_00634,EVCS_00623,2/12/2019,2127,6786,4659,-1.63426,1.63448,634,grp_8,623,623,city_1
poi_00635,EVCS_00623,2/12/2019,709,5447,4738,-1.63526,1.63548,635,grp_8,623,623,city_1
poi_00636,EVCS_00623,2/12/2019,5459,27437,21978,-1.63626,1.63648,636,grp_2,623,623,city_1
poi_00637,EVCS_00623,2/12/2019,8327,20578,12251,-1.63726,1.63748,637,grp_11,623,623,city_1
poi_00638,EVCS_00623,2/12/2019,4320,15954,11634,-1.63826,1.63848,638,grp_2,623,623,city_1
poi_00639,EVCS_00623,2/12/2019,2599,16309,13710,-1.63926,1.63948,639,grp_4,623,623,city_1
poi_00640,EVCS_00623,2/12/2019,9693,21599,11906,-1.64026,1.64048,640,grp_4,623,623,city_1
poi_00641,EVCS_00641,1/18/2019,3031,20924,17893,-1.64126,1.64148,641,grp_11,623,641,city_1
poi_00642,EVCS_00641,1/18/2019,8052,29269,21217,-1.64226,1.64248,642,grp_3,642,641,city_1
poi_00643,EVCS_00641,1/18/2019,3790,24494,20704,-1.64326,1.64348,643,grp_11,623,641,city_1
poi_00644,EVCS_00641,1/18/2019,7281,6950,-331,-1.64426,1.64448,644,grp_8,642,641,city_1
poi_00645,EVCS_00645,1/17/2019,3393,24920,21527,-1.64526,1.64548,645,grp_8,645,1,city_1
poi_00646,EVCS_00645,1/17/2019,5799,16328,10529,-1.64626,1.64648,646,grp_4,597,1,city_1
poi_00647,EVCS_00645,1/17/2019,9305,5580,-3725,-1.64726,1.64748,647,grp_8,594,1,city_1
poi_00648,EVCS_00645,1/17/2019,9399,18616,9217,-1.64826,1.64848,648,grp_11,597,1,city_1
poi_00649,EVCS_00645,1/17/2019,8734,9338,604,-1.64926,1.64948,649,grp_4,597,1,city_1
poi_00650,EVCS_00645,1/17/2019,6854,28419,21565,-1.65026,1.65048,650,grp_4,597,1,city_1
poi_00651,EVCS_00645,1/17/2019,7312,21816,14504,-1.65126,1.65148,651,grp_8,597,1,city_1
poi_00652,EVCS_00645,1/17/2019,1702,4230,2528,-1.65226,1.65248,652,grp_4,597,1,city_1
poi_00653,EVCS_00645,1/17/2019,2063,4190,2127,-1.65326,1.65348,653,grp_4,597,1,city_1
poi_00654,EVCS_00645,1/17/2019,9559,7850,-1709,-1.65426,1.65448,654,grp_8,597,1,city_1
poi_00655,EVCS_00645,1/17/2019,8056,3974,-4082,-1.65526,1.65548,655,grp_4,597,1,city_1
poi_00656,EVCS_00645,1/17/2019,5750,28378,22628,-1.65626,1.65648,656,grp_4,597,1,city_1
poi_00657,EVCS_00645,1/17/2019,9132,23542,14410,-1.65726,1.65748,657,grp_11,597,1,city_1
poi_00658,EVCS_00645,1/17/2019,7373,25769,18396,-1.65826,1.65848,658,grp_8,594,1,city_1
poi_00659,EVCS_00645,1/17/2019,9147,11507,2360,-1.65926,1.65948,659,grp_4,597,1,city_1
poi_00660,EVCS_00645,1/17/2019,6644,1247,-5397,-1.66026,1.66048,660,grp_8,594,1,city_1
poi_00661,EVCS_00645,1/17/2019,3242,3032,-210,-1.66126,1.66148,661,grp_4,597,1,city_1
poi_00662,EVCS_00645,1/17/2019,7586,1367,-6219,-1.66226,1.66248,662,grp_4,597,1,city_1
poi_00663,EVCS_00645,1/17/2019,4337,4770,433,-1.66326,1.66348,663,grp_2,597,1,city_1
poi_00664,EVCS_00645,1/17/2019,3430,22148,18718,-1.66426,1.66448,664,grp_2,597,1,city_1
poi_00665,EVCS_00645,1/17/2019,5904,3165,-2739,-1.66526,1.66548,665,grp_5,597,1,city_1
poi_00666,EVCS_00666,1/17/2019,1797,21494,19697,-1.66626,1.66648,666,grp_6,666,594,city_1
poi_00667,EVCS_00666,1/17/2019,5654,23553,17899,-1.66726,1.66748,667,grp_11,594,594,city_1
poi_00668,EVCS_00666,1/17/2019,8693,22386,13693,-1.66826,1.66848,668,grp_9,668,594,city_1
poi_00669,EVCS_00669,5/3/2019,2575,5594,3019,-1.66926,1.66948,669,grp_10,669,669,city_1
poi_00670,EVCS_00669,5/3/2019,9446,13614,4168,-1.67026,1.67048,670,grp_1,669,669,city_1
poi_00671,EVCS_00669,5/3/2019,267,22536,22269,-1.67126,1.67148,671,grp_7,669,669,city_1
poi_00672,EVCS_00669,5/3/2019,5159,14854,9695,-1.67226,1.67248,672,grp_11,669,669,city_1
poi_00673,EVCS_00669,5/3/2019,5451,11781,6330,-1.67326,1.67348,673,grp_6,669,669,city_1
poi_00674,EVCS_00669,5/3/2019,4769,11245,6476,-1.67426,1.67448,674,grp_11,669,669,city_1
poi_00675,EVCS_00675,9/30/2019,5976,12118,6142,-1.67526,1.67548,675,grp_10,675,675,city_1
poi_00676,EVCS_00675,9/30/2019,1388,29790,28402,-1.67626,1.67648,676,grp_10,675,675,city_1
poi_00677,EVCS_00675,9/30/2019,5399,16515,11116,-1.67726,1.67748,677,grp_8,675,675,city_1
poi_00678,EVCS_00675,9/30/2019,2056,2757,701,-1.67826,1.67848,678,grp_10,675,675,city_1
poi_00679,EVCS_00675,9/30/2019,5333,28193,22860,-1.67826,1.67848,679,grp_10,675,675,city_1
poi_00680,EVCS_00675,9/30/2019,1535,9206,7671,-1.68026,1.68048,680,grp_8,675,675,city_1
poi_00681,EVCS_00675,9/30/2019,9922,687,-9235,-1.68126,1.68148,681,grp_4,675,675,city_1
poi_00682,EVCS_00675,9/30/2019,3265,19606,16341,-1.68226,1.68248,682,grp_4,675,675,city_1
poi_00683,EVCS_00675,9/30/2019,2228,14734,12506,-1.68326,1.68348,683,grp_5,675,675,city_1
poi_00684,EVCS_00675,9/30/2019,2028,5790,3762,-1.68426,1.68448,684,grp_4,675,675,city_1
poi_00685,EVCS_00675,9/30/2019,4503,17394,12891,-1.68526,1.68548,685,grp_8,675,675,city_1
poi_00686,EVCS_00675,9/30/2019,8221,11217,2996,-1.68626,1.68648,686,grp_4,675,675,city_1
poi_00687,EVCS_00675,9/30/2019,3929,17043,13114,-1.68726,1.68748,687,grp_8,675,675,city_1
poi_00688,EVCS_00675,9/30/2019,330,18636,18306,-1.68826,1.68848,688,grp_8,675,675,city_1
poi_00689,EVCS_00675,9/30/2019,6603,4074,-2529,-1.68926,1.68948,689,grp_11,675,675,city_1
poi_00690,EVCS_00675,9/30/2019,2231,11762,9531,-1.69026,1.69048,690,grp_1,675,675,city_1
poi_00691,EVCS_00675,9/30/2019,9269,23441,14172,-1.69126,1.69148,691,grp_4,675,675,city_1
poi_00692,EVCS_00675,9/30/2019,5650,14418,8768,-1.69226,1.69248,692,grp_11,675,675,city_1
poi_00693,EVCS_00675,9/30/2019,165,19600,19435,-1.53526,1.69348,693,grp_4,675,675,city_1
poi_00694,EVCS_00675,9/30/2019,8574,1783,-6791,-1.69426,1.69448,694,grp_4,675,675,city_1
poi_00695,EVCS_00675,9/30/2019,1360,4097,2737,-1.69526,1.69548,695,grp_4,675,675,city_1
poi_00696,EVCS_00675,9/30/2019,5817,9298,3481,-1.69626,1.69648,696,grp_4,675,675,city_1
poi_00697,EVCS_00675,9/30/2019,3917,9578,5661,-1.69726,1.69748,697,grp_8,675,675,city_1
poi_00675,EVCS_00698,8/28/2019,3210,355,-2855,-1.67526,1.67548,675,grp_10,675,675,city_1
poi_00699,EVCS_00698,8/28/2019,7994,1620,-6374,-1.69926,1.69948,699,grp_11,675,675,city_1
poi_00700,EVCS_00698,8/28/2019,3624,8573,4949,-1.70026,1.70048,700,grp_1,700,675,city_1
poi_00701,EVCS_00698,8/28/2019,5735,1464,-4271,-1.70126,1.70148,701,grp_7,675,675,city_1
poi_00685,EVCS_00698,8/28/2019,9538,28126,18588,-1.68526,1.68548,685,grp_8,675,675,city_1
poi_00703,EVCS_00698,8/28/2019,5979,3821,-2158,-1.70326,1.70348,703,grp_4,700,675,city_1
poi_00704,EVCS_00698,8/28/2019,6286,22521,16235,-1.70426,1.70448,704,grp_3,675,675,city_1
poi_00705,EVCS_00698,8/28/2019,3797,19055,15258,-1.70526,1.70548,705,grp_11,675,675,city_1
poi_00706,EVCS_00698,8/28/2019,4609,12697,8088,-1.70626,1.70648,706,grp_8,675,675,city_1
poi_00707,EVCS_00698,8/28/2019,237,16781,16544,-1.47626,1.70748,707,grp_1,675,675,city_1
poi_00708,EVCS_00698,8/28/2019,5736,387,-5349,-1.70826,1.70848,708,grp_4,675,675,city_1
poi_00709,EVCS_00698,8/28/2019,1017,3624,2607,-1.70926,1.70948,709,grp_9,675,675,city_1
poi_00710,EVCS_00698,8/28/2019,8622,18744,10122,-1.71026,1.71048,710,grp_4,675,675,city_1
poi_00711,EVCS_00698,8/28/2019,277,25810,25533,-1.71126,1.71148,711,grp_9,675,675,city_1
poi_00712,EVCS_00698,8/28/2019,8783,4105,-4678,-1.71226,1.71248,712,grp_4,700,675,city_1
poi_00713,EVCS_00713,8/28/2019,5822,8900,3078,-1.71326,1.71348,713,grp_4,645,713,city_1
poi_00714,EVCS_00714,3/31/2019,7090,6371,-719,-1.71426,1.71448,714,grp_4,593,714,city_1
poi_00715,EVCS_00714,3/31/2019,5440,28696,23256,-1.71526,1.71548,715,grp_5,593,714,city_1
poi_00716,EVCS_00714,3/31/2019,7201,22940,15739,-1.71626,1.71648,716,grp_5,593,714,city_1
poi_00717,EVCS_00714,3/31/2019,4852,15389,10537,-1.71726,1.71748,717,grp_11,593,714,city_1
poi_00718,EVCS_00714,3/31/2019,2376,2033,-343,-1.71826,1.71848,718,grp_4,593,714,city_1
poi_00719,EVCS_00714,3/31/2019,697,20973,20276,-1.71926,1.71948,719,grp_4,593,714,city_1
poi_00720,EVCS_00714,3/31/2019,9325,17518,8193,-1.72026,1.72048,720,grp_8,593,714,city_1
poi_00721,EVCS_00714,3/31/2019,3824,29012,25188,-1.72126,1.72148,721,grp_8,593,714,city_1
poi_00722,EVCS_00714,3/31/2019,7293,1609,-5684,-1.72226,1.72248,722,grp_8,593,714,city_1
poi_00723,EVCS_00714,3/31/2019,1200,23659,22459,-1.72326,1.72348,723,grp_11,593,714,city_1
poi_00724,EVCS_00714,3/31/2019,3634,27101,23467,-1.38426,1.72448,724,grp_4,593,714,city_1
poi_00725,EVCS_00714,3/31/2019,8088,8049,-39,-1.72526,1.72548,725,grp_9,593,714,city_1
poi_00726,EVCS_00714,3/31/2019,5339,20008,14669,-1.72626,1.72648,726,grp_11,593,714,city_1
poi_00727,EVCS_00714,3/31/2019,2664,7248,4584,-1.72726,1.72748,727,grp_4,593,714,city_1
poi_00728,EVCS_00714,3/31/2019,2674,755,-1919,-1.72826,1.72848,728,grp_9,593,714,city_1
poi_00729,EVCS_00714,3/31/2019,2387,23615,21228,-1.72926,1.72948,729,grp_8,593,714,city_1
poi_00730,EVCS_00714,3/31/2019,5581,24155,18574,-1.73026,1.73048,730,grp_11,593,714,city_1
poi_00731,EVCS_00714,3/31/2019,4630,16163,11533,-1.73126,1.73148,731,grp_11,593,714,city_1
poi_00732,EVCS_00714,3/31/2019,1347,29794,28447,-1.73226,1.73248,732,grp_9,593,714,city_1
poi_00733,EVCS_00714,3/31/2019,1756,3587,1831,-1.73326,1.73348,733,grp_1,593,714,city_1
poi_00734,EVCS_00714,3/31/2019,4146,5484,1338,-1.73426,1.73448,734,grp_4,593,714,city_1
poi_00735,EVCS_00714,3/31/2019,5227,29546,24319,-1.73526,1.73548,735,grp_2,593,714,city_1
poi_00736,EVCS_00714,3/31/2019,9608,11421,1813,-1.73626,1.73648,736,grp_2,593,714,city_1
poi_00737,EVCS_00714,3/31/2019,8571,29892,21321,-1.73726,1.73748,737,grp_5,593,714,city_1
poi_00738,EVCS_00714,3/31/2019,1461,12846,11385,-1.73826,1.73848,738,grp_2,593,714,city_1
poi_00739,EVCS_00714,3/31/2019,2144,1677,-467,-1.73926,1.73948,739,grp_2,593,714,city_1
poi_00740,EVCS_00714,3/31/2019,7129,9664,2535,-1.74026,1.74048,740,grp_5,593,714,city_1
poi_00741,EVCS_00714,3/31/2019,6272,4805,-1467,-1.74126,1.74148,741,grp_4,593,714,city_1
,,,,,,,,,,,,
,,,,,,,,,,,,
,,,,,,,,,,,,
,,,,,,,,,,,,
,,,,,,,,,,,,
,,,,,,,,,,,,
,,,,,,,,,,,,
,,,,,,,,,,,,
,,,,,,,,,,,,
,,,,,,,,,,,,
,,,,,,,,,,,,
,,,,,,,,,,,,
,,,,,,,,,,,,
,,,,,,,,,,,,
,,,,,,,,,,,,
,,,,,,,,,,,,
,,,,,,,,,,,,
,,,,,,,,,,,,
,,,,,,,,,,,,
,,,,,,,,,,,,
,,,,,,,,,,,,
,,,,,,,,,,,,
,,,,,,,,,,,,
,,,,,,,,,,,,
,,,,,,,,,,,,
,,,,,,,,,,,,
,,,,,,,,,,,,
,,,,,,,,,,,,
,,,,,,,,,,,,
,,,,,,,,,,,,
,,,,,,,,,,,,
,,,,,,,,,,,,
,,,,,,,,,,,,
,,,,,,,,,,,,
,,,,,,,,,,,,
,,,,,,,,,,,,
,,,,,,,,,,,,
,,,,,,,,,,,,
,,,,,,,,,,,,
,,,,,,,,,,,,
,,,,,,,,,,,,
,,,,,,,,,,,,
,,,,,,,,,,,,
,,,,,,,,,,,,
,,,,,,,,,,,,
,,,,,,,,,,,,
,,,,,,,,,,,,
,,,,,,,,,,,,
,,,,,,,,,,,,
,,,,,,,,,,,,
,,,,,,,,,,,,
,,,,,,,,,,,,
,,,,,,,,,,,,
,,,,,,,,,,,,
,,,,,,,,,,,,
,,,,,,,,,,,,
,,,,,,,,,,,,
,,,,,,,,,,,,
,,,,,,,,,,,,
,,,,,,,,,,,,
,,,,,,,,,,,,
,,,,,,,,,,,,
,,,,,,,,,,,,
,,,,,,,,,,,,
,,,,,,,,,,,,
,,,,,,,,,,,,
,,,,,,,,,,,,
,,,,,,,,,,,,
,,,,,,,,,,,,
,,,,,,,,,,,,
,,,,,,,,,,,,
,,,,,,,,,,,,
,,,,,,,,,,,,
,,,,,,,,,,,,
,,,,,,,,,,,,
,,,,,,,,,,,,
,,,,,,,,,,,,
,,,,,,,,,,,,
,,,,,,,,,,,,
,,,,,,,,,,,,
,,,,,,,,,,,,
,,,,,,,,,,,,
,,,,,,,,,,,,
,,,,,,,,,,,,
,,,,,,,,,,,,
,,,,,,,,,,,,
,,,,,,,,,,,,
,,,,,,,,,,,,
,,,,,,,,,,,,
,,,,,,,,,,,,
,,,,,,,,,,,,
,,,,,,,,,,,,
,,,,,,,,,,,,
,,,,,,,,,,,,
,,,,,,,,,,,,
,,,,,,,,,,,,
,,,,,,,,,,,,
,,,,,,,,,,,,
,,,,,,,,,,,,
,,,,,,,,,,,,
,,,,,,,,,,,,
,,,,,,,,,,,,
,,,,,,,,,,,,
,,,,,,,,,,,,
,,,,,,,,,,,,
,,,,,,,,,,,,
,,,,,,,,,,,,
,,,,,,,,,,,,
,,,,,,,,,,,,
,,,,,,,,,,,,
,,,,,,,,,,,,
,,,,,,,,,,,,
,,,,,,,,,,,,
,,,,,,,,,,,,
,,,,,,,,,,,,
,,,,,,,,,,,,
,,,,,,,,,,,,
,,,,,,,,,,,,
,,,,,,,,,,,,
,,,,,,,,,,,,
,,,,,,,,,,,,
,,,,,,,,,,,,
,,,,,,,,,,,,
,,,,,,,,,,,,
,,,,,,,,,,,,
,,,,,,,,,,,,
,,,,,,,,,,,,
,,,,,,,,,,,,
,,,,,,,,,,,,
,,,,,,,,,,,,
,,,,,,,,,,,,
,,,,,,,,,,,,
,,,,,,,,,,,,
,,,,,,,,,,,,
,,,,,,,,,,,,
,,,,,,,,,,,,
,,,,,,,,,,,,
,,,,,,,,,,,,
,,,,,,,,,,,,
,,,,,,,,,,,,
,,,,,,,,,,,,
,,,,,,,,,,,,
,,,,,,,,,,,,
,,,,,,,,,,,,
,,,,,,,,,,,,
,,,,,,,,,,,,
,,,,,,,,,,,,
,,,,,,,,,,,,
,,,,,,,,,,,,
,,,,,,,,,,,,
,,,,,,,,,,,,
,,,,,,,,,,,,
,,,,,,,,,,,,
,,,,,,,,,,,,
,,,,,,,,,,,,
,,,,,,,,,,,,
,,,,,,,,,,,,
,,,,,,,,,,,,
,,,,,,,,,,,,
,,,,,,,,,,,,
,,,,,,,,,,,,
,,,,,,,,,,,,
,,,,,,,,,,,,
,,,,,,,,,,,,
,,,,,,,,,,,,
,,,,,,,,,,,,
,,,,,,,,,,,,
,,,,,,,,,,,,
,,,,,,,,,,,,
,,,,,,,,,,,,
,,,,,,,,,,,,
,,,,,,,,,,,,
,,,,,,,,,,,,
,,,,,,,,,,,,
,,,,,,,,,,,,
